"Month","DayOfWeek","Mean"
8,1,24.1645300405084
8,2,23.204512015694
8,3,22.8173929573049
8,4,25.6144093652712
8,5,25.581541821624
8,6,22.6631877055756
8,7,24.9204368515144
