"Month","DayOfWeek","Mean"
11,1,21.9271327023
11,2,21.7080412335028
11,3,22.0560163833106
11,4,20.8963047987959
11,5,21.3123133780989
11,6,18.8022831282935
11,7,23.1738165390827
