"Month","DayOfWeek","Mean"
7,1,24.773756463082
7,2,25.4922327876834
7,3,26.7881553321216
7,4,27.144000010866
7,5,27.0663008805079
7,6,22.6638228766855
7,7,25.9716624068655
