"DayOfWeek","DelayMean"
1,24.3722039793979
2,23.7153439898599
3,22.7535550076173
4,24.8563039691016
5,24.7641850032685
6,21.4491899983565
7,22.7390864436983
