"DayOfWeek","DelayMean"
1,26.0445511821182
2,23.9629364522245
3,25.0760005665812
4,26.5650877244743
5,28.3465628484476
6,25.4748590094366
7,26.0629247610151
