"DayOfWeek","DelayMean"
1,25.5425009118575
2,23.8259649478572
3,23.8287731219538
4,25.43263792448
5,25.6793099878028
6,22.1922931024769
7,26.1668691742127
