"DayOfWeek","DelayMean"
1,30.7386587182037
2,28.0147272957117
3,29.686379711933
4,32.7542446105327
5,32.8657844130131
6,27.6011461048484
7,30.084335951187
