"DayOfWeek","DelayMean"
1,29.2497279220293
2,26.8384671765607
3,28.2346804304854
4,28.330289652611
5,27.4363557686589
6,24.1572481866806
7,28.1404871581309
