"DayOfWeek","DelayMean"
1,19.5849707624565
2,20.0837508086635
3,21.6041633153704
4,21.2584787180115
5,21.3625373303061
6,19.9001872371388
7,19.5194450399345
