"DayOfWeek","DelayMean"
1,33.067519033738
2,34.466577773347
3,29.8035999217957
4,30.8642496738489
5,35.2536755640066
6,31.5786273802891
7,32.0293218042202
