"DayOfWeek","DelayMean"
1,24.4350975917761
2,24.5768082593917
3,23.9787928441682
4,25.4884075904534
5,26.4924249423786
6,22.1359101740781
7,24.6508928676531
