"DayOfWeek","DelayMean"
1,17.7799905047946
2,20.1261989702269
3,20.5908574357904
4,21.0101588290815
5,21.1234827634571
6,18.659843966231
7,18.0247239248647
