"DayOfWeek","DelayMean"
1,15.5590547070323
2,16.785209300751
3,17.4749349648716
4,17.8272373845431
5,19.1261159529144
6,17.0125060747288
7,17.0974778859458
