"DayOfWeek","DelayMean"
1,18.3379180687514
2,17.0512336524201
3,19.6761372258649
4,19.825016837386
5,19.3474251156566
6,16.2241871564324
7,17.062097681208
