"DayOfWeek","DelayMean"
1,18.1164712358775
2,17.0997412180831
3,18.5608978992969
4,18.1532820150289
5,18.4597834335861
6,16.0613782771022
7,18.3452193479269
