"DayOfWeek","DelayMean"
1,27.2307973878804
2,25.6603175196914
3,27.5616839787781
4,30.5316817704899
5,33.2398824643969
6,26.4548461584503
7,30.5669318330762
