"DayOfWeek","DelayMean"
1,29.3628153312563
2,26.4025070936312
3,29.2326090530901
4,29.7159194625415
5,29.0600472481932
6,25.5332805258678
7,27.8740104308846
