"DayOfWeek","DelayMean"
1,32.3922395282136
2,31.0152383119978
3,32.2543272759536
4,34.123911228107
5,33.5072511794302
6,28.7226177522965
7,32.734320003305
