"DayOfWeek","DelayMean"
1,18.5289949932529
2,17.4948927030284
3,17.8361577271936
4,18.4259969474759
5,18.2013254465055
6,16.0876878317987
7,16.6245606545713
