"DayOfWeek","DelayMean"
1,18.6028338342636
2,20.1863777936951
3,20.2316818203919
4,18.4582708059776
5,17.6144503731604
6,16.1582796429368
7,19.3472840024246
