"DayOfWeek","DelayMean"
1,19.8945964450296
2,19.4650388966038
3,21.9508428247137
4,22.8359081914377
5,24.1045529056203
6,20.8990724278477
7,22.0686995674432
