"DayOfWeek","DelayMean"
1,24.789708139076
2,23.5417006497255
3,24.4417449933361
4,26.6073161522002
5,28.5792029685406
6,25.5525171470839
7,26.175561740029
