"DayOfWeek","DelayMean"
1,23.1507901437713
2,22.9355413391824
3,23.2053265893855
4,24.7233682747967
5,26.2678246009866
6,21.9333939797885
7,22.4773569043916
