"DayOfWeek","DelayMean"
1,16.8247699995573
2,17.0399297363832
3,17.127871557148
4,21.7009792618915
5,23.6560409873403
6,19.190850539875
7,17.9512832453689
