"DayOfWeek","DelayMean"
1,15.0557891673846
2,16.6430923922829
3,17.1374915268432
4,18.81721506879
5,17.8597711283217
6,15.1269218501891
7,15.8657044185051
